route_id,Airline,Airline_id,src_airport,src_airport_id,dst_airport,dst_airport_id,stops,dpt_time,est_time
1,KE,3163,KWJ,2361,CJU,2370,0,23/11/2019 4:45,0:50:00
3,OZ,28,KWJ,2361,CJU,2370,0,31/12/2019 9:30,0:50:00
4,OZ,28,KWJ,2361,GMP,2378,0,31/12/2019 11:25,0:50:00
5,KE,3163,RSU,2365,CJU,2370,0,23/11/2019 11:45,0:50:00
34,KE,3163,CJU,2370,KWJ,2361,0,17/11/2019 5:55,0:50:00
39,KE,3163,CJU,2370,RSU,2365,0,17/11/2019 13:30,0:50:00
58,OZ,28,CJU,2370,KWJ,2361,0,30/12/2019 20:40,0:50:00
59,OZ,28,CJU,2370,MWX,4189,0,30/12/2019 22:55,0:50:00
71,BX,5982,PUS,2372,FUK,2305,0,27/10/2019 5:30,0:50:00
100,KE,3163,PUS,2372,FUK,2305,0,23/11/2019 9:10,0:50:00
161,KE,3163,GMP,2378,KWJ,2361,0,22/11/2019 15:35,0:50:00
555,OZ,28,MWX,4189,CJU,2370,0,31/12/2019 18:45,0:50:00
560,KE,3163,HIN,6007,CJU,2370,0,22/11/2019 18:45,0:50:00
562,OZ,28,HIN,6007,CJU,2370,0,31/12/2019 5:55,0:50:00
2,KE,3163,KWJ,2361,GMP,2378,0,24/11/2019 21:30,0:55:00
6,KE,3163,RSU,2365,GMP,2378,0,25/11/2019 9:15,0:55:00
30,KE,3163,CJU,2370,HIN,6007,0,23/11/2019 16:00,0:55:00
33,KE,3163,CJU,2370,KUV,6003,0,23/11/2019 20:30,0:55:00
38,KE,3163,CJU,2370,PUS,2372,0,24/11/2019 5:10,0:55:00
55,OZ,28,CJU,2370,HIN,6007,0,31/12/2019 20:40,0:55:00
67,7C,2994,PUS,2372,CJU,2370,0,17/10/2019 8:35,0:55:00
101,KE,3163,PUS,2372,GMP,2378,0,25/11/2019 6:20,0:55:00
122,OZ,28,PUS,2372,CJU,2370,0,01/01/2020 7:55,0:55:00
160,KE,3163,GMP,2378,KPO,2380,0,24/11/2019 8:15,0:55:00
164,KE,3163,GMP,2378,RSU,2365,0,24/11/2019 10:10,0:55:00
174,OZ,28,GMP,2378,KPO,2380,0,31/12/2019 22:50,0:55:00
175,OZ,28,GMP,2378,KWJ,2361,0,01/01/2020 7:45,0:55:00
183,KE,3163,KPO,2380,GMP,2378,0,24/11/2019 16:30,0:55:00
191,TW,16624,TAE,2381,CJU,2370,0,28/01/2020 19:30,0:55:00
557,KE,3163,KUV,6003,CJU,2370,0,20/10/2019 8:25,0:55:00
7,OZ,28,RSU,2365,GMP,2378,0,03/01/2020 6:45,1:00:00
10,7C,2994,CJU,2370,PUS,2372,0,17/10/2019 10:10,1:00:00
41,KE,3163,CJU,2370,USN,2374,0,25/11/2019 22:30,1:00:00
60,OZ,28,CJU,2370,PUS,2372,0,01/01/2020 13:50,1:00:00
98,KE,3163,PUS,2372,CJU,2370,0,26/11/2019 13:30,1:00:00
123,OZ,28,PUS,2372,FUK,2305,0,02/01/2020 8:30,1:00:00
124,OZ,28,PUS,2372,GMP,2378,0,02/01/2020 13:15,1:00:00
144,KE,3163,USN,2374,GMP,2378,0,26/11/2019 20:55,1:00:00
145,OZ,28,USN,2374,GMP,2378,0,03/01/2020 8:55,1:00:00
157,KE,3163,GMP,2378,HIN,6007,0,25/11/2019 21:45,1:00:00
166,KE,3163,GMP,2378,USN,2374,0,26/11/2019 2:25,1:00:00
177,OZ,28,GMP,2378,PUS,2372,0,01/01/2020 19:45,1:00:00
178,OZ,28,GMP,2378,RSU,2365,0,01/01/2020 0:30,1:00:00
180,OZ,28,GMP,2378,USN,2374,0,02/01/2020 6:55,1:00:00
185,OZ,28,KPO,2380,GMP,2378,0,02/01/2020 3:40,1:00:00
187,KE,3163,TAE,2381,CJU,2370,0,26/11/2019 17:45,1:00:00
561,KE,3163,HIN,6007,GMP,2378,0,26/11/2019 5:35,1:00:00
565,KE,3163,CJJ,6008,CJU,2370,0,25/11/2019 15:45,1:00:00
568,OZ,28,CJJ,6008,CJU,2370,0,01/01/2020 11:45,1:00:00
40,KE,3163,CJU,2370,TAE,2381,0,26/11/2019 22:25,1:05:00
52,OZ,28,CJU,2370,CJJ,6008,0,03/01/2020 14:30,1:05:00
63,TW,16624,CJU,2370,TAE,2381,0,28/01/2020 21:45,1:05:00
143,KE,3163,USN,2374,CJU,2370,0,27/11/2019 7:50,1:05:00
163,KE,3163,GMP,2378,PUS,2372,0,27/11/2019 4:45,1:05:00
167,LJ,9810,GMP,2378,CJU,2370,0,19/12/2019 14:50,1:05:00
181,TW,16624,GMP,2378,CJU,2370,0,28/01/2020 0:55,1:05:00
190,OZ,28,TAE,2381,CJU,2370,0,03/01/2020 17:50,1:05:00
230,CA,751,ICN,3930,TAO,3390,0,29/10/2019 15:30,1:05:00
8,7C,2994,CJU,2370,CJJ,6008,0,14/10/2019 18:30,1:10:00
9,7C,2994,CJU,2370,GMP,2378,0,14/10/2019 19:25,1:10:00
28,KE,3163,CJU,2370,CJJ,6008,0,27/11/2019 13:45,1:10:00
29,KE,3163,CJU,2370,GMP,2378,0,27/11/2019 18:45,1:10:00
42,KE,3163,CJU,2370,WJU,6005,0,27/11/2019 22:00,1:10:00
54,OZ,28,CJU,2370,GMP,2378,0,03/01/2020 20:00,1:10:00
61,OZ,28,CJU,2370,TAE,2381,0,04/01/2020 21:30,1:10:00
62,TW,16624,CJU,2370,GMP,2378,0,29/01/2020 1:25,1:10:00
146,7C,2994,GMP,2378,CJU,2370,0,15/10/2019 6:10,1:10:00
156,KE,3163,GMP,2378,CJU,2370,0,28/11/2019 5:15,1:10:00
171,OZ,28,GMP,2378,CJU,2370,0,04/01/2020 15:25,1:10:00
558,KE,3163,WJU,6005,CJU,2370,0,28/11/2019 9:30,1:10:00
563,7C,2994,CJJ,6008,CJU,2370,0,14/10/2019 7:25,1:10:00
43,LJ,9810,CJU,2370,GMP,2378,0,19/12/2019 18:45,1:15:00
242,CZ,1767,ICN,3930,DLC,3404,0,06/11/2019 23:45,1:15:00
374,KE,3163,ICN,3930,YNT,3392,0,28/11/2019 11:25,1:15:00
411,NH,324,ICN,3930,KMJ,2312,0,26/12/2019 3:35,1:15:00
460,OZ,28,ICN,3930,KMJ,2312,0,04/01/2020 2:35,1:15:00
502,OZ,28,ICN,3930,YNT,3392,0,04/01/2020 10:00,1:15:00
105,KE,3163,PUS,2372,KIX,3992,0,29/11/2019 6:45,1:20:00
198,7C,2994,ICN,3930,FUK,2305,0,15/10/2019 21:00,1:20:00
226,CA,751,ICN,3930,DLC,3404,0,29/10/2019 22:45,1:20:00
279,JL,2987,ICN,3930,KOJ,2307,0,18/11/2019 15:45,1:20:00
306,KE,3163,ICN,3930,DLC,3404,0,28/11/2019 13:40,1:20:00
310,KE,3163,ICN,3930,FUK,2305,0,28/11/2019 19:30,1:20:00
325,KE,3163,ICN,3930,KOJ,2307,0,28/11/2019 20:20,1:20:00
439,OZ,28,ICN,3930,DLC,3404,0,05/01/2020 7:05,1:20:00
444,OZ,28,ICN,3930,FUK,2305,0,05/01/2020 10:30,1:20:00
92,JL,2987,PUS,2372,KIX,3992,0,19/11/2019 0:10,1:25:00
106,KE,3163,PUS,2372,NGO,3942,0,29/11/2019 11:10,1:25:00
126,OZ,28,PUS,2372,KIX,3992,0,05/01/2020 12:15,1:25:00
234,CA,751,ICN,3930,YNT,3392,0,28/10/2019 21:35,1:25:00
275,JL,2987,ICN,3930,FUK,2305,0,18/11/2019 22:50,1:25:00
404,MU,1758,ICN,3930,YNT,3392,0,22/12/2019 23:55,1:25:00
513,SC,4599,ICN,3930,YNT,3392,0,24/01/2020 5:50,1:25:00
534,TW,16624,ICN,3930,FUK,2305,0,29/01/2020 3:45,1:25:00
535,TW,16624,ICN,3930,HSG,5996,0,29/01/2020 10:45,1:25:00
47,MU,1758,CJU,2370,NGB,3387,0,23/12/2019 3:35,1:30:00
51,NH,324,CJU,2370,FUK,2305,0,26/12/2019 7:50,1:30:00
53,OZ,28,CJU,2370,FUK,2305,0,05/01/2020 14:45,1:30:00
74,BX,5982,PUS,2372,KIX,3992,0,27/10/2019 11:25,1:30:00
114,MM,17675,PUS,2372,KIX,3992,0,22/12/2019 15:45,1:30:00
205,7C,2994,ICN,3930,TAO,3390,0,16/10/2019 23:15,1:30:00
341,KE,3163,ICN,3930,OKJ,2327,0,29/11/2019 13:15,1:30:00
360,KE,3163,ICN,3930,TAO,3390,0,29/11/2019 15:35,1:30:00
412,NH,324,ICN,3930,MYJ,2333,0,26/12/2019 11:00,1:30:00
419,NH,324,ICN,3930,YGJ,2330,0,26/12/2019 15:45,1:30:00
467,OZ,28,ICN,3930,MYJ,2333,0,05/01/2020 19:55,1:30:00
489,OZ,28,ICN,3930,TAO,3390,0,06/01/2020 3:30,1:30:00
500,OZ,28,ICN,3930,YGJ,2330,0,06/01/2020 6:25,1:30:00
511,SC,4599,ICN,3930,TAO,3390,0,24/01/2020 8:45,1:30:00
18,CZ,1767,CJU,2370,DLC,3404,0,07/11/2019 4:10,1:35:00
93,JL,2987,PUS,2372,NGO,3942,0,19/11/2019 13:45,1:35:00
231,CA,751,ICN,3930,TNA,4108,0,30/10/2019 5:35,1:35:00
322,KE,3163,ICN,3930,KIX,3992,0,29/11/2019 18:45,1:35:00
340,KE,3163,ICN,3930,OIT,2310,0,30/11/2019 4:30,1:35:00
363,KE,3163,ICN,3930,TNA,4108,0,30/11/2019 8:45,1:35:00
407,NH,324,ICN,3930,HIJ,2326,0,26/12/2019 21:30,1:35:00
417,NH,324,ICN,3930,TAK,2337,0,27/12/2019 4:00,1:35:00
447,OZ,28,ICN,3930,HIJ,2326,0,06/01/2020 11:15,1:35:00
488,OZ,28,ICN,3930,TAK,2337,0,06/01/2020 15:45,1:35:00
512,SC,4599,ICN,3930,TNA,4108,0,24/01/2020 13:15,1:35:00
526,TK,4951,ICN,3930,HIJ,2326,0,27/01/2020 1:45,1:35:00
25,JL,2987,CJU,2370,KIX,3992,0,19/11/2019 14:20,1:40:00
32,KE,3163,CJU,2370,KIX,3992,0,30/11/2019 10:20,1:40:00
89,FM,4609,PUS,2372,PVG,3406,0,15/11/2019 15:30,1:40:00
132,OZ,28,PUS,2372,PVG,3406,0,07/01/2020 8:35,1:40:00
147,7C,2994,GMP,2378,KIX,3992,0,16/10/2019 8:00,1:40:00
155,JL,2987,GMP,2378,KIX,3992,0,19/11/2019 22:00,1:40:00
159,KE,3163,GMP,2378,KIX,3992,0,30/11/2019 15:35,1:40:00
170,NH,324,GMP,2378,KIX,3992,0,27/12/2019 7:15,1:40:00
173,OZ,28,GMP,2378,KIX,3992,0,06/01/2020 21:00,1:40:00
201,7C,2994,ICN,3930,KIX,3992,0,17/10/2019 8:20,1:40:00
247,CZ,1767,ICN,3930,SHE,4144,0,07/11/2019 6:25,1:40:00
354,KE,3163,ICN,3930,SHE,4144,0,30/11/2019 21:45,1:40:00
401,MU,1758,ICN,3930,TAO,3390,0,23/12/2019 5:45,1:40:00
406,NH,324,ICN,3930,FUK,2305,0,27/12/2019 10:30,1:40:00
409,NH,324,ICN,3930,KIX,3992,0,27/12/2019 12:45,1:40:00
410,NH,324,ICN,3930,KMI,2308,0,27/12/2019 14:25,1:40:00
459,OZ,28,ICN,3930,KMI,2308,0,07/01/2020 4:40,1:40:00
525,TK,4951,ICN,3930,FUK,2305,0,27/01/2020 4:50,1:40:00
110,KE,3163,PUS,2372,PVG,3406,0,01/12/2019 5:30,1:45:00
270,GS,690,ICN,3930,TSN,3368,0,16/11/2019 21:30,1:45:00
278,JL,2987,ICN,3930,KMQ,2322,0,19/11/2019 23:45,1:45:00
324,KE,3163,ICN,3930,KMQ,2322,0,30/11/2019 11:20,1:45:00
491,OZ,28,ICN,3930,TNA,4108,0,07/01/2020 11:50,1:45:00
536,TW,16624,ICN,3930,TNA,4108,0,29/01/2020 16:30,1:45:00
90,FM,4609,PUS,2372,TAO,3390,0,15/11/2019 20:30,1:50:00
139,SU,130,PUS,2372,VVO,2934,0,25/01/2020 5:45,1:50:00
168,MU,1758,GMP,2378,SHA,3391,0,23/12/2019 12:10,1:50:00
232,CA,751,ICN,3930,TSN,3368,0,30/10/2019 13:45,1:50:00
277,JL,2987,ICN,3930,KIX,3992,0,20/11/2019 3:45,1:50:00
280,JL,2987,ICN,3930,NGO,3942,0,20/11/2019 3:45,1:50:00
413,NH,324,ICN,3930,NGO,3942,0,28/12/2019 1:15,1:50:00
431,OZ,28,ICN,3930,CGQ,4380,0,07/01/2020 15:45,1:50:00
458,OZ,28,ICN,3930,KIX,3992,0,07/01/2020 20:30,1:50:00
494,OZ,28,ICN,3930,TSN,3368,0,08/01/2020 22:55,1:50:00
528,TK,4951,ICN,3930,NGO,3942,0,27/01/2020 8:30,1:50:00
113,KE,3163,PUS,2372,TAO,3390,0,01/12/2019 11:30,1:55:00
153,FM,4609,GMP,2378,SHA,3391,0,16/11/2019 0:35,1:55:00
179,OZ,28,GMP,2378,SHA,3391,0,08/01/2020 1:35,1:55:00
267,FM,4609,ICN,3930,PVG,3406,0,11/11/2019 11:10,1:55:00
365,KE,3163,ICN,3930,TSN,3368,0,01/12/2019 10:45,1:55:00
405,NH,324,ICN,3930,FSZ,6476,0,28/12/2019 15:30,1:55:00
476,OZ,28,ICN,3930,PVG,3406,0,08/01/2020 4:00,1:55:00
553,MU,1758,MWX,4189,PVG,3406,0,23/12/2019 23:45,1:55:00
35,KE,3163,CJU,2370,NGO,3942,0,01/12/2019 14:45,2:00:00
76,BX,5982,PUS,2372,NRT,2279,0,27/10/2019 20:30,2:00:00
83,CA,751,PUS,2372,HGH,3386,0,31/10/2019 4:00,2:00:00
87,CZ,1767,PUS,2372,SHE,4144,0,08/11/2019 5:00,2:00:00
94,JL,2987,PUS,2372,NRT,2279,0,20/11/2019 12:15,2:00:00
115,MU,1758,PUS,2372,NKG,3388,0,24/12/2019 8:45,2:00:00
116,MU,1758,PUS,2372,PVG,3406,0,24/12/2019 10:25,2:00:00
117,MU,1758,PUS,2372,TAO,3390,0,24/12/2019 12:30,2:00:00
118,NH,324,PUS,2372,OKA,2384,0,28/12/2019 21:25,2:00:00
125,OZ,28,PUS,2372,HGH,3386,0,09/01/2020 22:20,2:00:00
130,OZ,28,PUS,2372,OKA,2384,0,10/01/2020 21:35,2:00:00
133,OZ,28,PUS,2372,SHE,4144,0,10/01/2020 9:45,2:00:00
165,KE,3163,GMP,2378,SHA,3391,0,01/12/2019 16:30,2:00:00
169,NH,324,GMP,2378,HND,2359,0,28/12/2019 15:30,2:00:00
172,OZ,28,GMP,2378,HND,2359,0,08/01/2020 17:30,2:00:00
228,CA,751,ICN,3930,HGH,3386,0,30/10/2019 17:00,2:00:00
240,CZ,1767,ICN,3930,CGQ,4380,0,07/11/2019 11:30,2:00:00
246,CZ,1767,ICN,3930,PVG,3406,0,07/11/2019 17:25,2:00:00
276,JL,2987,ICN,3930,KIJ,4381,0,20/11/2019 9:10,2:00:00
321,KE,3163,ICN,3930,KIJ,4381,0,02/12/2019 8:25,2:00:00
338,KE,3163,ICN,3930,NGO,3942,0,02/12/2019 9:45,2:00:00
346,KE,3163,ICN,3930,PVG,3406,0,02/12/2019 11:20,2:00:00
395,MM,17675,ICN,3930,KIX,3992,0,22/12/2019 20:30,2:00:00
400,MU,1758,ICN,3930,PVG,3406,0,24/12/2019 7:30,2:00:00
418,NH,324,ICN,3930,TOY,2324,0,28/12/2019 17:50,2:00:00
443,OZ,28,ICN,3930,FSZ,6476,0,09/01/2020 5:45,2:00:00
446,OZ,28,ICN,3930,HGH,3386,0,09/01/2020 8:30,2:00:00
492,OZ,28,ICN,3930,TOY,2324,0,09/01/2020 5:45,2:00:00
498,OZ,28,ICN,3930,VVO,2934,0,09/01/2020 7:00,2:00:00
11,9C,15999,CJU,2370,PVG,3406,0,21/10/2019 21:00,2:05:00
22,GE,5038,CJU,2370,TPE,2276,0,16/11/2019 14:45,2:05:00
24,HO,3081,CJU,2370,PVG,3406,0,17/11/2019 22:25,2:05:00
68,AA,24,PUS,2372,NRT,2279,0,21/10/2019 23:45,2:05:00
78,BX,5982,PUS,2372,TAO,3390,0,01/11/2019 8:25,2:05:00
108,KE,3163,PUS,2372,NRT,2279,0,03/12/2019 10:20,2:05:00
129,OZ,28,PUS,2372,NRT,2279,0,11/01/2020 5:15,2:05:00
135,OZ,28,PUS,2372,TAO,3390,0,11/01/2020 8:30,2:05:00
150,CA,751,GMP,2378,PEK,3364,0,31/10/2019 15:00,2:05:00
152,CZ,1767,GMP,2378,PEK,3364,0,08/11/2019 9:45,2:05:00
154,JL,2987,GMP,2378,HND,2359,0,20/11/2019 14:30,2:05:00
158,KE,3163,GMP,2378,HND,2359,0,02/12/2019 21:35,2:05:00
189,MU,1758,TAE,2381,PVG,3406,0,24/12/2019 17:50,2:05:00
203,7C,2994,ICN,3930,NGO,3942,0,18/10/2019 10:45,2:05:00
229,CA,751,ICN,3930,PEK,3364,0,31/10/2019 16:35,2:05:00
343,KE,3163,ICN,3930,PEK,3364,0,03/12/2019 7:45,2:05:00
416,NH,324,ICN,3930,SDJ,2347,0,29/12/2019 4:45,2:05:00
469,OZ,28,ICN,3930,NGO,3942,0,10/01/2020 13:30,2:05:00
474,OZ,28,ICN,3930,PEK,3364,0,10/01/2020 17:00,2:05:00
480,OZ,28,ICN,3930,SDJ,2347,0,10/01/2020 19:55,2:05:00
510,S7,4329,ICN,3930,VVO,2934,0,24/01/2020 1:15,2:05:00
519,SU,130,ICN,3930,VVO,2934,0,25/01/2020 10:30,2:05:00
566,KE,3163,CJJ,6008,HGH,3386,0,02/12/2019 14:30,2:05:00
567,MU,1758,CJJ,6008,HGH,3386,0,24/12/2019 14:00,2:05:00
13,BK,4026,CJU,2370,TSN,3368,0,25/10/2019 21:25,2:10:00
16,CZ,1767,CJU,2370,CGQ,4380,0,08/11/2019 20:30,2:10:00
20,CZ,1767,CJU,2370,SHE,4144,0,09/11/2019 6:25,2:10:00
23,GS,690,CJU,2370,TSN,3368,0,16/11/2019 22:30,2:10:00
44,LJ,9810,CJU,2370,PVG,3406,0,20/12/2019 3:30,2:10:00
49,MU,1758,CJU,2370,PVG,3406,0,25/12/2019 6:25,2:10:00
107,KE,3163,PUS,2372,NKG,3388,0,03/12/2019 11:45,2:10:00
245,CZ,1767,ICN,3930,PEK,3364,0,09/11/2019 9:00,2:10:00
452,OZ,28,ICN,3930,HRB,3400,0,11/01/2020 14:20,2:10:00
26,JL,2987,CJU,2370,NRT,2279,0,20/11/2019 20:30,2:15:00
36,KE,3163,CJU,2370,NRT,2279,0,03/12/2019 17:30,2:15:00
162,KE,3163,GMP,2378,PEK,3364,0,03/12/2019 19:45,2:15:00
233,CA,751,ICN,3930,YNJ,6414,0,03/11/2019 8:25,2:15:00
243,CZ,1767,ICN,3930,HRB,3400,0,09/11/2019 13:35,2:15:00
249,CZ,1767,ICN,3930,YNJ,6414,0,09/11/2019 17:45,2:15:00
390,LJ,9810,ICN,3930,OKA,2384,0,20/12/2019 3:30,2:15:00
399,MU,1758,ICN,3930,NKG,3388,0,25/12/2019 10:00,2:15:00
415,NH,324,ICN,3930,OKA,2384,0,29/12/2019 7:15,2:15:00
564,CA,751,CJJ,6008,PEK,3364,0,31/10/2019 9:25,2:15:00
569,OZ,28,CJJ,6008,PEK,3364,0,11/01/2020 17:35,2:15:00
131,OZ,28,PUS,2372,PEK,3364,0,12/01/2020 5:35,2:20:00
176,OZ,28,GMP,2378,PEK,3364,0,11/01/2020 22:30,2:20:00
211,AA,24,ICN,3930,NRT,2279,0,22/10/2019 8:25,2:20:00
286,KE,3163,ICN,3930,AOJ,2340,0,03/12/2019 23:30,2:20:00
315,KE,3163,ICN,3930,HND,2359,0,04/12/2019 10:35,2:20:00
369,KE,3163,ICN,3930,VVO,2934,0,04/12/2019 11:15,2:20:00
373,KE,3163,ICN,3930,YNJ,6414,0,04/12/2019 14:45,2:20:00
408,NH,324,ICN,3930,HND,2359,0,29/12/2019 11:30,2:20:00
414,NH,324,ICN,3930,NRT,2279,0,29/12/2019 15:35,2:20:00
450,OZ,28,ICN,3930,HND,2359,0,12/01/2020 0:55,2:20:00
493,OZ,28,ICN,3930,TPE,2276,0,12/01/2020 2:40,2:20:00
530,TK,4951,ICN,3930,VVO,2934,0,27/01/2020 13:00,2:20:00
85,CI,1756,PUS,2372,TPE,2276,0,28/10/2019 19:10,2:25:00
91,HU,2660,PUS,2372,PEK,3364,0,18/11/2019 4:45,2:25:00
223,BR,2091,ICN,3930,TPE,2276,0,26/10/2019 5:45,2:25:00
239,CZ,1767,ICN,3930,CGO,3375,0,09/11/2019 22:30,2:25:00
281,JL,2987,ICN,3930,NRT,2279,0,21/11/2019 10:15,2:25:00
282,JW,397,ICN,3930,NRT,2279,0,21/11/2019 16:30,2:25:00
298,KE,3163,ICN,3930,CGO,3375,0,04/12/2019 19:50,2:25:00
501,OZ,28,ICN,3930,YNJ,6414,0,12/01/2020 10:15,2:25:00
109,KE,3163,PUS,2372,PEK,3364,0,04/12/2019 22:00,2:30:00
182,TW,16624,GMP,2378,TSA,2275,0,29/01/2020 18:00,2:30:00
204,7C,2994,ICN,3930,NRT,2279,0,18/10/2019 13:00,2:30:00
235,CI,1756,ICN,3930,TPE,2276,0,29/10/2019 6:35,2:30:00
237,CX,1680,ICN,3930,TPE,2276,0,05/11/2019 19:25,2:30:00
244,CZ,1767,ICN,3930,MDG,3402,0,10/11/2019 0:30,2:30:00
274,JL,2987,ICN,3930,CTS,2287,0,21/11/2019 14:45,2:30:00
385,LJ,9810,ICN,3930,CTS,2287,0,20/12/2019 6:45,2:30:00
470,OZ,28,ICN,3930,NKG,3388,0,12/01/2020 19:45,2:30:00
471,OZ,28,ICN,3930,NRT,2279,0,13/01/2020 5:45,2:30:00
472,OZ,28,ICN,3930,OKA,2384,0,13/01/2020 7:50,2:30:00
524,TG,4940,ICN,3930,TPE,2276,0,26/01/2020 7:45,2:30:00
537,TZ,17891,ICN,3930,TPE,2276,0,30/01/2020 18:25,2:30:00
540,UA,5209,ICN,3930,NRT,2279,0,30/01/2020 14:00,2:30:00
19,CZ,1767,CJU,2370,HRB,3400,0,10/11/2019 3:35,2:35:00
79,BX,5982,PUS,2372,TPE,2276,0,01/11/2019 13:30,2:35:00
99,KE,3163,PUS,2372,CTS,2287,0,05/12/2019 14:25,2:35:00
149,BR,2091,GMP,2378,TSA,2275,0,26/10/2019 14:30,2:35:00
364,KE,3163,ICN,3930,TPE,2276,0,05/12/2019 9:20,2:35:00
366,KE,3163,ICN,3930,TXN,6387,0,05/12/2019 12:30,2:35:00
495,OZ,28,ICN,3930,TXN,6387,0,13/01/2020 10:30,2:35:00
37,KE,3163,CJU,2370,PEK,3364,0,05/12/2019 20:00,2:40:00
151,CI,1756,GMP,2378,TSA,2275,0,28/10/2019 9:05,2:40:00
227,CA,751,ICN,3930,HFE,3389,0,03/11/2019 21:20,2:40:00
533,TW,16624,ICN,3930,CTS,2287,0,30/01/2020 22:55,2:40:00
48,MU,1758,CJU,2370,PEK,3364,0,25/12/2019 11:30,2:45:00
333,KE,3163,ICN,3930,MDG,3402,0,05/12/2019 0:35,2:45:00
339,KE,3163,ICN,3930,NRT,2279,0,06/12/2019 2:30,2:45:00
457,OZ,28,ICN,3930,KHV,2927,0,13/01/2020 12:45,2:45:00
516,SU,130,ICN,3930,KHV,2927,0,25/01/2020 13:35,2:45:00
531,TN,225,ICN,3930,NRT,2279,0,28/01/2020 16:25,2:45:00
84,CA,751,PUS,2372,PEK,3364,0,04/11/2019 9:25,2:50:00
186,CA,751,TAE,2381,PEK,3364,0,04/11/2019 18:35,2:50:00
303,KE,3163,ICN,3930,CTS,2287,0,06/12/2019 4:35,2:50:00
214,AE,3392,ICN,3930,KHH,2264,0,23/10/2019 9:00,2:55:00
222,BR,2091,ICN,3930,KHH,2264,0,26/10/2019 22:25,2:55:00
455,OZ,28,ICN,3930,KHH,2264,0,13/01/2020 17:50,2:55:00
27,KA,2056,CJU,2370,HKG,3077,0,21/11/2019 19:25,3:00:00
73,BX,5982,PUS,2372,KHH,2264,0,01/11/2019 22:00,3:00:00
82,BX,5982,PUS,2372,XIY,3379,0,02/11/2019 9:20,3:00:00
372,KE,3163,ICN,3930,XMN,3383,0,06/12/2019 8:20,3:00:00
14,CX,1680,CJU,2370,HKG,3077,0,06/11/2019 2:45,3:05:00
184,OZ,28,KPO,2380,CJU,2370,1,15/01/2020 7:25,3:05:00
248,CZ,1767,ICN,3930,WUH,3376,0,10/11/2019 8:25,3:10:00
371,KE,3163,ICN,3930,XIY,3379,0,06/12/2019 11:35,3:10:00
392,MF,5484,ICN,3930,XMN,3383,0,22/12/2019 1:30,3:10:00
402,MU,1758,ICN,3930,WUH,3376,0,25/12/2019 13:45,3:10:00
403,MU,1758,ICN,3930,XIY,3379,0,25/12/2019 18:50,3:10:00
57,OZ,28,CJU,2370,KPO,2380,1,03/01/2020 6:40,3:15:00
241,CZ,1767,ICN,3930,CSX,3371,0,10/11/2019 11:30,3:15:00
273,HZ,4808,ICN,3930,UUS,2933,0,18/11/2019 12:30,3:15:00
396,MU,1758,ICN,3930,CSX,3371,0,25/12/2019 20:55,3:15:00
435,OZ,28,ICN,3930,CSX,3371,0,13/01/2020 20:30,3:15:00
497,OZ,28,ICN,3930,UUS,2933,0,14/01/2020 2:25,3:15:00
499,OZ,28,ICN,3930,XIY,3379,0,14/01/2020 4:30,3:15:00
518,SU,130,ICN,3930,UUS,2933,0,25/01/2020 18:00,3:15:00
95,KA,2056,PUS,2372,HKG,3077,0,22/11/2019 5:20,3:20:00
302,KE,3163,ICN,3930,CSX,3371,0,06/12/2019 18:40,3:20:00
370,KE,3163,ICN,3930,WUH,3376,0,07/12/2019 0:45,3:20:00
12,BK,4026,CJU,2370,CSX,3371,0,26/10/2019 6:25,3:25:00
17,CZ,1767,CJU,2370,CSX,3371,0,10/11/2019 16:45,3:25:00
72,BX,5982,PUS,2372,HKG,3077,0,02/11/2019 13:35,3:25:00
200,7C,2994,ICN,3930,HKG,3077,0,18/10/2019 14:15,3:25:00
313,KE,3163,ICN,3930,HKG,3077,0,07/12/2019 2:30,3:25:00
448,OZ,28,ICN,3930,HKG,3077,0,14/01/2020 11:55,3:25:00
86,CX,1680,PUS,2372,HKG,3077,0,06/11/2019 5:10,3:30:00
104,KE,3163,PUS,2372,HKG,3077,0,07/12/2019 5:45,3:30:00
387,LJ,9810,ICN,3930,HKG,3077,0,20/12/2019 11:20,3:30:00
420,NX,316,ICN,3930,MFM,3121,0,29/12/2019 16:45,3:30:00
102,KE,3163,PUS,2372,GUM,2246,0,07/12/2019 18:30,3:35:00
121,OZ,28,PUS,2372,CAN,3370,0,14/01/2020 19:45,3:35:00
238,CZ,1767,ICN,3930,CAN,3370,0,11/11/2019 1:15,3:35:00
294,KE,3163,ICN,3930,CAN,3370,0,07/12/2019 14:10,3:35:00
388,LJ,9810,ICN,3930,MFM,3121,0,20/12/2019 17:15,3:35:00
465,OZ,28,ICN,3930,MFM,3121,0,14/01/2020 16:30,3:35:00
544,UO,2774,ICN,3930,HKG,3077,0,31/01/2020 20:30,3:35:00
216,AI,218,ICN,3930,HKG,3077,0,23/10/2019 11:30,3:40:00
265,ET,2220,ICN,3930,HKG,3077,0,15/11/2019 6:45,3:40:00
367,KE,3163,ICN,3930,ULN,3380,0,07/12/2019 19:25,3:40:00
427,OZ,28,ICN,3930,CAN,3370,0,15/01/2020 1:30,3:40:00
521,TG,4940,ICN,3930,HKG,3077,0,26/01/2020 9:10,3:40:00
75,BX,5982,PUS,2372,MFM,3121,0,02/11/2019 19:40,3:45:00
119,NX,316,PUS,2372,MFM,3121,0,29/12/2019 16:45,3:45:00
236,CX,1680,ICN,3930,HKG,3077,0,06/11/2019 23:35,3:45:00
422,OM,3354,ICN,3930,ULN,3380,0,30/12/2019 17:30,3:45:00
103,KE,3163,PUS,2372,HAN,3199,0,07/12/2019 19:25,3:50:00
384,LJ,9810,ICN,3930,CRK,4140,0,21/12/2019 12:30,3:50:00
436,OZ,28,ICN,3930,CTU,3395,0,15/01/2020 3:45,3:50:00
64,5J,1683,PUS,2372,CEB,4206,0,15/10/2019 6:15,3:55:00
65,5J,1683,PUS,2372,MNL,2397,0,15/10/2019 20:20,3:55:00
128,OZ,28,PUS,2372,MNL,2397,0,15/01/2020 15:35,3:55:00
224,CA,751,ICN,3930,CKG,3393,0,05/11/2019 10:30,3:55:00
358,KE,3163,ICN,3930,SZX,3374,0,07/12/2019 19:25,3:55:00
433,OZ,28,ICN,3930,CKG,3393,0,15/01/2020 10:20,3:55:00
554,NX,316,MWX,4189,MFM,3121,0,30/12/2019 3:35,3:55:00
138,PR,3952,PUS,2372,MNL,2397,0,22/01/2020 11:30,4:00:00
192,3U,4608,ICN,3930,CTU,3395,0,14/10/2019 17:10,4:00:00
225,CA,751,ICN,3930,CTU,3395,0,05/11/2019 14:15,4:00:00
434,OZ,28,ICN,3930,CRK,4140,0,15/01/2020 21:40,4:00:00
461,OZ,28,ICN,3930,KWL,3372,0,16/01/2020 4:15,4:00:00
134,OZ,28,PUS,2372,SPN,2244,0,16/01/2020 7:30,4:05:00
137,PR,3952,PUS,2372,KLO,2430,0,23/01/2020 5:35,4:05:00
195,5J,1683,ICN,3930,MNL,2397,0,15/10/2019 3:00,4:05:00
398,MU,1758,ICN,3930,KWL,3372,0,25/12/2019 14:00,4:05:00
506,PR,3952,ICN,3930,MNL,2397,0,22/01/2020 20:00,4:05:00
97,KE,3163,PUS,2372,CEB,4206,0,08/12/2019 7:20,4:10:00
334,KE,3163,ICN,3930,MNL,2397,0,08/12/2019 4:35,4:10:00
445,OZ,28,ICN,3930,HAN,3199,0,16/01/2020 11:55,4:10:00
487,OZ,28,ICN,3930,SZX,3374,0,16/01/2020 14:45,4:10:00
69,BX,5982,PUS,2372,CEB,4206,0,03/11/2019 23:05,4:15:00
466,OZ,28,ICN,3930,MNL,2397,0,16/01/2020 18:30,4:15:00
202,7C,2994,ICN,3930,MNL,2397,0,19/10/2019 7:35,4:20:00
148,7C,2994,GMP,2378,NGO,3942,1,30/01/2020 10:00,4:25:00
194,5J,1683,ICN,3930,KLO,2430,0,16/10/2019 5:45,4:25:00
199,7C,2994,ICN,3930,GUM,2246,0,19/10/2019 16:25,4:30:00
359,KE,3163,ICN,3930,TAE,2381,1,24/10/2019 12:30,4:30:00
386,LJ,9810,ICN,3930,GUM,2246,0,21/12/2019 11:45,4:30:00
485,OZ,28,ICN,3930,SPN,2244,0,16/01/2020 22:40,4:30:00
549,VN,5309,ICN,3930,HAN,3199,0,01/02/2020 18:40,4:30:00
193,5J,1683,ICN,3930,CEB,4206,0,16/10/2019 14:25,4:35:00
312,KE,3163,ICN,3930,HAN,3199,0,08/12/2019 9:45,4:35:00
397,MU,1758,ICN,3930,KMG,3382,0,25/12/2019 22:30,4:35:00
429,OZ,28,ICN,3930,CEB,4206,0,17/01/2020 5:35,4:35:00
141,VN,5309,PUS,2372,HAN,3199,0,01/02/2020 21:45,4:40:00
188,KE,3163,TAE,2381,ICN,3930,1,03/01/2020 13:55,4:40:00
197,7C,2994,ICN,3930,CEB,4206,0,19/10/2019 19:30,4:40:00
304,KE,3163,ICN,3930,DAD,3196,0,08/12/2019 14:30,4:40:00
311,KE,3163,ICN,3930,GUM,2246,0,08/12/2019 17:25,4:40:00
382,LJ,9810,ICN,3930,CEB,4206,0,21/12/2019 19:25,4:40:00
437,OZ,28,ICN,3930,DAD,3196,0,17/01/2020 9:40,4:45:00
505,PR,3952,ICN,3930,KLO,2430,0,23/01/2020 10:45,4:45:00
296,KE,3163,ICN,3930,CEB,4206,0,09/12/2019 22:30,4:50:00
349,KE,3163,ICN,3930,ROR,2256,0,09/12/2019 1:45,4:50:00
479,OZ,28,ICN,3930,ROR,2256,0,17/01/2020 12:35,4:50:00
504,PR,3952,ICN,3930,CEB,4206,0,23/01/2020 11:55,4:50:00
323,KE,3163,ICN,3930,KMG,3382,0,09/12/2019 5:45,4:55:00
548,VN,5309,ICN,3930,DAD,3196,0,02/02/2020 17:55,5:00:00
112,KE,3163,PUS,2372,SGN,3205,0,09/12/2019 8:50,5:05:00
142,VN,5309,PUS,2372,SGN,3205,0,02/02/2020 22:15,5:05:00
393,MH,3378,ICN,3930,BKI,3269,0,22/12/2019 5:45,5:05:00
290,KE,3163,ICN,3930,BKI,3269,0,09/12/2019 18:30,5:10:00
425,OZ,28,ICN,3930,BKI,3269,0,17/01/2020 13:50,5:10:00
77,BX,5982,PUS,2372,REP,3035,0,03/11/2019 0:35,5:15:00
111,KE,3163,PUS,2372,REP,3035,0,10/12/2019 4:25,5:15:00
391,LJ,9810,ICN,3930,VTE,3120,0,21/12/2019 5:30,5:15:00
483,OZ,28,ICN,3930,SGN,3205,0,17/01/2020 19:00,5:15:00
541,UA,5209,ICN,3930,REP,3035,0,30/01/2020 8:15,5:15:00
550,VN,5309,ICN,3930,SGN,3205,0,02/02/2020 8:30,5:15:00
96,KE,3163,PUS,2372,BKK,3885,0,10/12/2019 13:35,5:25:00
260,DL,2009,ICN,3930,REP,3035,0,12/11/2019 7:45,5:25:00
344,KE,3163,ICN,3930,PNH,3034,0,10/12/2019 7:50,5:25:00
347,KE,3163,ICN,3930,REP,3035,0,10/12/2019 13:35,5:25:00
477,OZ,28,ICN,3930,REP,3035,0,17/01/2020 23:10,5:25:00
509,QV,3233,ICN,3930,VTE,3120,0,23/01/2020 23:00,5:25:00
140,TG,4940,PUS,2372,BKK,3885,0,26/01/2020 11:30,5:30:00
475,OZ,28,ICN,3930,PNH,3034,0,18/01/2020 10:35,5:30:00
66,7C,2994,PUS,2372,BKK,3885,0,20/10/2019 7:50,5:35:00
207,8B,17408,ICN,3930,CNX,3931,0,20/10/2019 21:15,5:35:00
301,KE,3163,ICN,3930,CNX,3931,0,10/12/2019 7:55,5:35:00
353,KE,3163,ICN,3930,SGN,3205,0,11/12/2019 13:30,5:35:00
383,LJ,9810,ICN,3930,CNX,3931,0,21/12/2019 8:45,5:35:00
45,MF,5484,CJU,2370,FOC,3385,1,10/12/2019 13:40,5:40:00
120,OZ,28,PUS,2372,BKK,3885,0,18/01/2020 15:15,5:40:00
426,OZ,28,ICN,3930,BKK,3885,0,18/01/2020 12:25,5:40:00
196,7C,2994,ICN,3930,BKK,3885,0,20/10/2019 11:00,5:45:00
206,8B,17408,ICN,3930,BKK,3885,0,20/10/2019 22:30,5:45:00
264,ET,2220,ICN,3930,BKK,3885,0,15/11/2019 8:45,5:45:00
381,LJ,9810,ICN,3930,BKK,3885,0,21/12/2019 1:30,5:45:00
209,8M,3432,ICN,3930,RGN,3239,0,21/10/2019 18:25,5:50:00
348,KE,3163,ICN,3930,RGN,3239,0,11/12/2019 15:25,5:50:00
478,OZ,28,ICN,3930,RGN,3239,0,18/01/2020 16:45,5:50:00
212,AC,330,ICN,3930,BKK,3885,0,22/10/2019 19:35,5:55:00
291,KE,3163,ICN,3930,BKK,3885,0,11/12/2019 19:40,5:55:00
520,TG,4940,ICN,3930,BKK,3885,0,26/01/2020 14:45,5:55:00
532,TW,16624,ICN,3930,BKK,3885,0,30/01/2020 20:30,5:55:00
299,KE,3163,ICN,3930,CJU,2370,1,23/12/2019 8:35,6:05:00
31,KE,3163,CJU,2370,ICN,3930,1,03/12/2019 11:20,6:15:00
56,OZ,28,CJU,2370,ICN,3930,1,10/10/2019 13:25,6:15:00
15,CZ,1767,CJU,2370,CGO,3375,1,21/10/2019 13:40,6:20:00
88,D7,2417,PUS,2372,KUL,3304,0,11/11/2019 20:30,6:20:00
208,8B,17408,ICN,3930,HKT,3179,0,21/10/2019 4:45,6:20:00
218,AI,218,ICN,3930,SIN,3316,0,24/10/2019 10:25,6:20:00
389,LJ,9810,ICN,3930,NGS,2313,1,12/12/2019 7:55,6:20:00
394,MH,3378,ICN,3930,KUL,3304,0,22/12/2019 10:30,6:20:00
484,OZ,28,ICN,3930,SIN,3316,0,18/01/2020 20:20,6:20:00
547,US,5265,ICN,3930,SIN,3316,0,31/01/2020 22:55,6:20:00
46,MF,5484,CJU,2370,XMN,3383,1,11/11/2019 7:25,6:25:00
355,KE,3163,ICN,3930,SIN,3316,0,11/12/2019 21:30,6:25:00
515,SQ,4435,ICN,3930,SIN,3316,0,24/01/2020 16:05,6:25:00
250,D7,2417,ICN,3930,KUL,3304,0,11/11/2019 22:45,6:30:00
314,KE,3163,ICN,3930,HKT,3179,0,11/12/2019 23:45,6:30:00
327,KE,3163,ICN,3930,KUL,3304,0,11/12/2019 21:55,6:30:00
50,MU,1758,CJU,2370,WNZ,6392,1,24/12/2019 13:40,6:35:00
283,KC,1006,ICN,3930,ALA,2908,0,22/11/2019 12:10,6:35:00
326,KE,3163,ICN,3930,KTM,3125,0,12/12/2019 12:20,6:40:00
449,OZ,28,ICN,3930,HKT,3179,0,18/01/2020 22:55,6:40:00
522,TG,4940,ICN,3930,HKT,3179,0,26/01/2020 22:55,6:40:00
307,KE,3163,ICN,3930,DPS,3940,0,12/12/2019 14:50,6:45:00
70,BX,5982,PUS,2372,CSX,3371,1,04/11/2019 12:45,6:50:00
423,OZ,28,ICN,3930,ALA,2908,0,19/01/2020 7:30,6:55:00
21,CZ,1767,CJU,2370,SZX,3374,1,10/11/2019 6:40,7:00:00
297,KE,3163,ICN,3930,CGK,3275,0,12/12/2019 19:55,7:00:00
430,OZ,28,ICN,3930,CGK,3275,0,19/01/2020 9:45,7:00:00
127,OZ,28,PUS,2372,KWL,3372,1,04/12/2019 8:35,7:05:00
432,OZ,28,ICN,3930,CJU,2370,2,05/12/2019 5:40,7:05:00
268,GA,2520,ICN,3930,CGK,3275,0,11/11/2019 15:25,7:10:00
272,HY,5281,ICN,3930,TAS,2983,0,18/11/2019 8:20,7:10:00
441,OZ,28,ICN,3930,DPS,3940,0,19/01/2020 11:55,7:10:00
490,OZ,28,ICN,3930,TAS,2983,0,19/01/2020 13:40,7:10:00
269,GA,2520,ICN,3930,DPS,3940,0,16/11/2019 10:25,7:14:00
289,KE,3163,ICN,3930,AXT,2345,1,24/12/2019 9:00,7:20:00
361,KE,3163,ICN,3930,TAS,2983,0,12/12/2019 21:00,7:20:00
496,OZ,28,ICN,3930,UBJ,2296,1,31/10/2019 7:10,7:30:00
81,BX,5982,PUS,2372,WUH,3376,1,30/11/2019 12:35,7:40:00
215,AI,218,ICN,3930,DEL,3093,0,24/10/2019 12:15,7:40:00
438,OZ,28,ICN,3930,DEL,3093,0,19/01/2020 18:30,7:40:00
80,BX,5982,PUS,2372,TYN,3369,1,05/11/2019 13:40,7:55:00
300,KE,3163,ICN,3930,CMB,3024,0,12/12/2019 6:45,8:10:00
552,GS,690,MWX,4189,TSN,3368,2,20/11/2019 13:20,8:10:00
559,HO,3081,YNY,6006,PVG,3406,2,21/12/2019 3:45,8:25:00
293,KE,3163,ICN,3930,BOM,2997,0,13/09/2019 19:50,8:30:00
456,OZ,28,ICN,3930,KHN,3384,1,25/10/2019 7:45,8:30:00
556,OZ,28,MWX,4189,PEK,3364,2,23/01/2020 2:30,8:30:00
271,HA,2688,ICN,3930,HNL,3728,0,17/11/2019 16:45,8:35:00
551,CA,751,MWX,4189,PEK,3364,2,11/11/2019 6:45,8:40:00
468,OZ,28,ICN,3930,NGB,3387,1,27/12/2019 8:55,8:55:00
254,DL,2009,ICN,3930,HNL,3728,0,12/11/2019 9:30,9:10:00
316,KE,3163,ICN,3930,HNL,3728,0,13/12/2019 6:45,9:10:00
451,OZ,28,ICN,3930,HNL,3728,0,19/01/2020 22:00,9:10:00
263,EK,2183,ICN,3930,DXB,2188,0,14/11/2019 22:00,9:30:00
308,KE,3163,ICN,3930,DXB,2188,0,13/12/2019 6:45,9:30:00
356,KE,3163,ICN,3930,SVO,2985,0,13/12/2019 11:55,9:30:00
517,SU,130,ICN,3930,SVO,2985,0,13/10/2020 1:45,9:30:00
219,AY,2350,ICN,3930,HEL,421,0,25/10/2019 9:30,9:35:00
330,KE,3163,ICN,3930,LED,2948,0,13/12/2019 15:45,9:40:00
266,EY,2222,ICN,3930,AUH,2179,0,15/11/2019 12:10,9:45:00
288,KE,3163,ICN,3930,AUH,2179,0,13/12/2019 17:15,9:45:00
292,KE,3163,ICN,3930,BNE,3320,0,14/12/2019 8:30,9:45:00
424,OZ,28,ICN,3930,AUH,2179,0,20/01/2020 0:45,9:45:00
213,AC,330,ICN,3930,YVR,156,0,22/10/2019 22:00,9:50:00
375,KE,3163,ICN,3930,YVR,156,0,14/12/2019 10:35,9:50:00
351,KE,3163,ICN,3930,SEA,3577,0,14/12/2019 12:45,10:00:00
440,OZ,28,ICN,3930,DOH,11051,0,20/01/2020 4:45,10:00:00
503,OZ,28,ICN,3930,YVR,156,0,20/01/2020 9:30,10:00:00
508,QR,4091,ICN,3930,DOH,11051,0,23/01/2020 20:55,10:00:00
336,KE,3163,ICN,3930,NAN,1960,0,14/12/2019 15:50,10:10:00
357,KE,3163,ICN,3930,SYD,3361,0,14/12/2019 20:30,10:15:00
507,QF,4089,ICN,3930,SYD,3361,0,23/01/2020 20:40,10:15:00
261,DL,2009,ICN,3930,SEA,3577,0,12/11/2019 13:45,10:25:00
542,UA,5209,ICN,3930,SEA,3577,0,31/01/2020 1:30,10:25:00
481,OZ,28,ICN,3930,SEA,3577,0,20/01/2020 14:20,10:27:00
136,OZ,28,PUS,2372,TXN,6387,1,27/11/2019 8:35,10:35:00
486,OZ,28,ICN,3930,SYD,3361,0,20/01/2020 19:00,10:35:00
529,TK,4951,ICN,3930,SYD,3361,0,27/01/2020 18:25,10:35:00
262,DL,2009,ICN,3930,SFO,3469,0,12/11/2019 19:25,10:50:00
352,KE,3163,ICN,3930,SFO,3469,0,15/12/2019 7:50,10:50:00
217,AI,218,ICN,3930,SFO,3469,0,24/10/2019 17:40,11:00:00
482,OZ,28,ICN,3930,SFO,3469,0,21/01/2020 22:55,11:00:00
514,SQ,4435,ICN,3930,SFO,3469,0,25/01/2020 2:25,11:00:00
543,UA,5209,ICN,3930,SFO,3469,0,31/01/2020 4:45,11:00:00
546,US,5265,ICN,3930,SFO,3469,0,01/02/2020 3:25,11:00:00
380,LH,3320,ICN,3930,MUC,346,0,19/12/2019 5:50,11:05:00
285,KE,3163,ICN,3930,AMS,580,0,15/12/2019 11:45,11:10:00
345,KE,3163,ICN,3930,PRG,1587,0,15/12/2019 12:30,11:10:00
421,OK,1946,ICN,3930,PRG,1587,0,30/12/2019 12:25,11:10:00
462,OZ,28,ICN,3930,LAX,3484,0,21/01/2020 18:30,11:10:00
523,TG,4940,ICN,3930,LAX,3484,0,26/01/2020 0:25,11:10:00
309,KE,3163,ICN,3930,FRA,340,0,16/12/2019 17:00,11:15:00
257,DL,2009,ICN,3930,LAS,3877,0,12/11/2019 23:15,11:20:00
328,KE,3163,ICN,3930,LAS,3877,0,16/12/2019 18:30,11:20:00
368,KE,3163,ICN,3930,VIE,1613,0,16/12/2019 3:35,11:20:00
284,KE,3163,ICN,3930,AKL,2006,0,16/12/2019 22:45,11:25:00
319,KE,3163,ICN,3930,IST,1701,0,16/12/2019 0:10,11:30:00
379,LH,3320,ICN,3930,FRA,340,0,19/12/2019 10:30,11:30:00
453,OZ,28,ICN,3930,IST,1701,0,21/01/2020 11:25,11:30:00
527,TK,4951,ICN,3930,IST,1701,0,28/01/2020 12:50,11:30:00
220,AZ,596,ICN,3930,MXP,1524,0,25/10/2019 11:00,11:40:00
258,DL,2009,ICN,3930,LAX,3484,0,13/11/2019 5:25,11:40:00
335,KE,3163,ICN,3930,MXP,1524,0,17/12/2019 0:55,11:40:00
539,UA,5209,ICN,3930,LAX,3484,0,31/01/2020 12:55,11:40:00
329,KE,3163,ICN,3930,LAX,3484,0,17/12/2019 4:45,11:50:00
377,KL,3090,ICN,3930,AMS,580,0,19/12/2019 2:15,11:50:00
442,OZ,28,ICN,3930,FRA,340,0,21/01/2020 12:45,11:50:00
331,KE,3163,ICN,3930,LHR,507,0,17/12/2019 12:30,11:55:00
221,BA,1355,ICN,3930,LHR,507,0,25/10/2019 14:30,12:00:00
362,KE,3163,ICN,3930,TLV,1590,0,17/12/2019 17:30,12:00:00
428,OZ,28,ICN,3930,CDG,1382,0,21/01/2020 2:25,12:05:00
295,KE,3163,ICN,3930,CDG,1382,0,17/12/2019 19:45,12:20:00
463,OZ,28,ICN,3930,LHR,507,0,22/01/2020 9:25,12:20:00
259,DL,2009,ICN,3930,ORD,3830,0,13/11/2019 7:30,12:45:00
342,KE,3163,ICN,3930,ORD,3830,0,17/12/2019 23:55,12:45:00
473,OZ,28,ICN,3930,ORD,3830,0,22/01/2020 3:25,12:45:00
253,DL,2009,ICN,3930,DTW,3645,0,13/11/2019 10:45,12:52:00
210,AA,24,ICN,3930,DFW,3670,0,22/10/2019 16:40,13:00:00
252,DL,2009,ICN,3930,DFW,3670,0,14/11/2019 9:25,13:00:00
305,KE,3163,ICN,3930,DFW,3670,0,18/12/2019 5:45,13:00:00
545,US,5265,ICN,3930,DFW,3670,0,01/02/2020 9:30,13:00:00
376,KE,3163,ICN,3930,YYZ,193,0,18/12/2019 9:25,13:15:00
332,KE,3163,ICN,3930,MAD,1229,0,18/12/2019 13:30,13:20:00
287,KE,3163,ICN,3930,ATL,3682,0,18/12/2019 19:00,13:50:00
251,DL,2009,ICN,3930,ATL,3682,0,14/11/2019 13:10,14:00:00
255,DL,2009,ICN,3930,IAD,3714,0,14/11/2019 17:30,14:00:00
317,KE,3163,ICN,3930,IAD,3714,0,18/12/2019 21:30,14:00:00
320,KE,3163,ICN,3930,JFK,3797,0,18/12/2019 22:45,14:05:00
256,DL,2009,ICN,3930,JFK,3797,0,14/11/2019 21:25,14:15:00
454,OZ,28,ICN,3930,JFK,3797,0,22/01/2020 4:00,14:15:00
538,UA,5209,ICN,3930,JFK,3797,0,31/01/2020 18:30,14:15:00
337,KE,3163,ICN,3930,NBO,4059,2,23/12/2019 0:10,17:55:00
318,KE,3163,ICN,3930,IAH,3550,1,14/12/2019 10:35,18:00:00
378,KQ,3126,ICN,3930,NBO,4059,2,30/10/2019 7:45,18:00:00
350,KE,3163,ICN,3930,RUH,2082,2,17/11/2019 1:00,22:35:00
464,OZ,28,ICN,3930,LJG,4033,2,03/11/2019 2:25,23:00:00